{
    "default": {
        "n_partition": 2,
        "n_items": [
            13,
            17
        ],
        "exe_time": 3.432157278060913
    },
    "customized": {
        "n_partition": 3,
        "n_items": [
            5,
            13,
            12
        ],
        "exe_time": 3.017007827758789
    }
}